model,MAE,RMSE,R2,fit_sec,pred_sec,n_train,n_test
GradientBoosting,4.331232356995019,7.451858216614779,0.9413001525262756,0.153,0.003,752,189
RandomForest,5.088620403804627,8.009972904048405,0.9321781080892992,0.352,0.039,752,189
ElasticNet,7.184591425361553,10.561772160240354,0.8820816494400334,0.005,0.002,752,189
LinearRegression,7.214115596294815,10.574600156133853,0.881795035658552,0.005,0.002,752,189
HistGradientBoosting,6.5616596827675036,15.561530155331257,0.7440162459707247,3.015,0.004,752,189
